text,warna,hex
aku ingin warna yang menenangkan,biru muda,#87CEEB
pilih warna yang membuatku rileks,hijau pucat,#98FB98
aku suka warna-warna yang cerah,kuning terang,#FFFF00
cari warna yang terlihat elegan,ungu tua,#800080
warna yang memberikan kesan alami,hijau daun,#008000
aku pengen warna yang segar,mint,#00FFC8
pilih warna yang cocok untuk kamar tidur,biru laut,#003366
warna yang menyegarkan mata,hijau muda,#00FF00
cari warna yang terlihat mewah,emas,#FFD700
warna yang mencerminkan keceriaan,merah jambu,#FFC0CB
warna yang memberikan kesan modern,abu-abu,#808080
aku suka warna yang berani,merah cerah,#FF0000
pilih warna yang mencerminkan kehangatan,oranye,#FFA500
warna yang memberikan kesan elegan,hitam,#000000
cari warna yang terlihat mewah,ungu muda,#BA55D3
warna yang mencerminkan kecerahan,kuning cerah,#FFFFE0
warna yang memberikan kesan retro,merah maroon,#800000
aku ingin warna yang minimalis,putih,#FFFFFF
pilih warna yang terlihat natural,cokelat,#964B00
warna yang mencerminkan kegembiraan,kuning ceria,#FFD700
warna yang memberikan kesan romantis,merah muda,#FFC0CB
cari warna yang terlihat energik,oranye terang,#FFA500
warna yang cocok untuk ruang kerja,abu-abu metalik,#545454
aku pengen warna yang segar,hijau terang,#00FF00
pilih warna yang mencerminkan kebahagiaan,kuning cerah,#FFFF00
warna yang memberikan kesan alami,hijau daun,#008000
cari warna yang terlihat elegan,ungu tua,#800080
warna yang menyegarkan mata,hijau muda,#00FF00
aku suka warna yang ceria,merah jambu,#FF69B4
pilih warna yang terlihat berani,biru royal,#4169E1
warna yang memberikan kesan alami,hijau daun muda,#7FFF00
aku pengen warna yang menyenangkan,kuning kunyit,#FFD700
cari warna yang terlihat elegan,merah anggur,#800020
warna yang memberikan kesan mewah,emerald,#50C878
pilih warna yang terlihat modern,biru navy,#000080
warna yang mencerminkan ketenangan,biru pastel,#AEC6CF
aku suka warna yang segar,hijau zamrud,#00A86B
cari warna yang cerah,kuning lemon,#FFF700
warna yang memberikan kesan energik,merah darah,#8B0000
pilih warna yang terlihat elegan,lavender,#E6E6FA
warna yang cocok untuk ruang santai,ungu lavender,#E6E6FA
aku pengen warna yang terang,kuning matahari,#FFDB58
cari warna yang terlihat berani,merah menyala,#FF4500
warna yang mencerminkan kreativitas,jingga,#FF7F00
pilih warna yang terlihat berkelas,biru langit,#87CEEB
warna yang memberikan kesan lembut,mawar,#FF007F
aku suka warna yang elegan,silver,#C0C0C0
cari warna yang terlihat mewah,ungu tua,#800080
warna yang menyegarkan mata,hijau muda,#00FF00
aku pengen warna yang cerah,kuning terang,#FFFF00
pilih warna yang terlihat modern,biru langit,#87CEEB
warna yang memberikan kesan mewah,emas,#FFD700
cari warna yang mencerminkan keceriaan,merah jambu,#FFC0CB
warna yang memberikan kesan alami,hijau daun,#008000
aku suka warna yang berani,merah cerah,#FF0000
pilih warna yang mencerminkan kehangatan,oranye,#FFA500
warna yang memberikan kesan elegan,hitam,#000000
cari warna yang terlihat mewah,ungu muda,#BA55D3
warna yang mencerminkan kecerahan,kuning cerah,#FFFFE0
warna yang memberikan kesan retro,merah maroon,#800000
aku ingin warna yang minimalis,putih,#FFFFFF
pilih warna yang terlihat natural,cokelat,#964B00
warna yang mencerminkan kegembiraan,kuning ceria,#FFD700
warna yang memberikan kesan romantis,merah muda,#FFC0CB
cari warna yang terlihat energik,oranye terang,#FFA500
warna yang cocok untuk ruang kerja,abu-abu metalik,#545454
aku pengen warna yang segar,hijau terang,#00FF00
pilih warna yang mencerminkan kebahagiaan,kuning cerah,#FFFF00
warna yang memberikan kesan alami,hijau daun,#008000
cari warna yang terlihat elegan,ungu tua,#800080
warna yang menyegarkan mata,hijau muda,#00FF00
aku suka warna-warna yang cerah,kuning terang,#FFFF00
cari warna yang terlihat elegan,ungu tua,#800080
warna yang memberikan kesan alami,hijau daun,#008000
aku pengen warna yang segar,mint,#00FFC8
pilih warna yang cocok untuk kamar tidur,biru laut,#003366
warna yang menyegarkan mata,hijau muda,#00FF00
cari warna yang terlihat mewah,emas,#FFD700
warna yang mencerminkan keceriaan,merah jambu,#FFC0CB
warna yang memberikan kesan modern,abu-abu,#808080
aku suka warna yang berani,merah cerah,#FF0000
pilih warna yang mencerminkan kehangatan,oranye,#FFA500
warna yang memberikan kesan elegan,hitam,#000000
cari warna yang terlihat mewah,ungu muda,#BA55D3
warna yang mencerminkan kecerahan,kuning cerah,#FFFFE0
warna yang memberikan kesan retro,merah maroon,#800000
aku ingin warna yang minimalis,putih,#FFFFFF
pilih warna yang terlihat natural,cokelat,#964B00
warna yang mencerminkan kegembiraan,kuning ceria,#FFD700
warna yang memberikan kesan romantis,merah muda,#FFC0CB
cari warna yang terlihat energik,oranye terang,#FFA500
warna yang cocok untuk ruang kerja,abu-abu metalik,#545454
aku pengen warna yang segar,hijau terang,#00FF00
pilih warna yang mencerminkan kebahagiaan,kuning cerah,#FFFF00
warna yang memberikan kesan alami,hijau daun,#008000
cari warna yang terlihat elegan,ungu tua,#800080
warna yang menyegarkan mata,hijau muda,#00FF00
aku suka warna-warna yang cerah,kuning terang,#FFFF00
cari warna yang terlihat elegan,ungu tua,#800080
warna yang memberikan kesan alami,hijau daun,#008000
aku pengen warna yang segar,mint,#00FFC8
pilih warna yang cocok untuk kamar tidur,biru laut,#003366
warna yang menyegarkan mata,hijau muda,#00FF00
cari warna yang terlihat mewah,emas,#FFD700
warna yang mencerminkan keceriaan,merah jambu,#FFC0CB
warna yang memberikan kesan modern,abu-abu,#808080
aku suka warna yang berani,merah cerah,#FF0000
pilih warna yang mencerminkan kehangatan,oranye,#FFA500
warna yang memberikan kesan elegan,hitam,#000000
cari warna yang terlihat mewah,ungu muda,#BA55D3
warna yang mencerminkan kecerahan,kuning cerah,#FFFFE0
warna yang memberikan kesan retro,merah maroon,#800000
aku ingin warna yang minimalis,putih,#FFFFFF
pilih warna yang terlihat natural,cokelat,#964B00
warna yang mencerminkan kegembiraan,kuning ceria,#FFD700
warna yang memberikan kesan romantis,merah muda,#FFC0CB
cari warna yang terlihat energik,oranye terang,#FFA500
warna yang cocok untuk ruang kerja,abu-abu metalik,#545454
aku pengen warna yang segar,hijau terang,#00FF00
pilih warna yang mencerminkan kebahagiaan,kuning cerah,#FFFF00
warna yang memberikan kesan alami,hijau daun,#008000
cari warna yang terlihat elegan,ungu tua,#800080
warna yang menyegarkan mata,hijau muda,#00FF00
aku suka warna-warna yang cerah,kuning terang,#FFFF00
cari warna yang terlihat elegan,ungu tua,#800080
warna yang memberikan kesan alami,hijau daun,#008000
aku pengen warna yang segar,mint,#00FFC8
pilih warna yang cocok untuk kamar tidur,biru laut,#003366
warna yang menyegarkan mata,hijau muda,#00FF00
cari warna yang terlihat mewah,emas,#FFD700
warna yang mencerminkan keceriaan,merah jambu,#FFC0CB
warna yang memberikan kesan modern,abu-abu,#808080
aku suka warna yang berani,merah cerah,#FF0000
pilih warna yang mencerminkan kehangatan,oranye,#FFA500
warna yang memberikan kesan elegan,hitam,#000000
cari warna yang terlihat mewah,ungu muda,#BA55D3
warna yang mencerminkan kecerahan,kuning cerah,#FFFFE0
warna yang memberikan kesan retro,merah maroon,#800000
aku ingin warna yang minimalis,putih,#FFFFFF
pilih warna yang terlihat natural,cokelat,#964B00
warna yang mencerminkan kegembiraan,kuning ceria,#FFD700
warna yang memberikan kesan romantis,merah muda,#FFC0CB
cari warna yang terlihat energik,oranye terang,#FFA500
warna yang cocok untuk ruang kerja,abu-abu metalik,#545454
aku pengen warna yang segar,hijau terang,#00FF00
pilih warna yang mencerminkan kebahagiaan,kuning cerah,#FFFF00
warna yang memberikan kesan alami,hijau daun,#008000
cari warna yang terlihat elegan,ungu tua,#800080
warna yang menyegarkan mata,hijau muda,#00FF00
aku suka warna-warna yang cerah,kuning terang,#FFFF00
cari warna yang terlihat elegan,ungu tua,#800080
warna yang memberikan kesan alami,hijau daun,#008000
aku pengen warna yang segar,mint,#00FFC8
pilih warna yang cocok untuk kamar tidur,biru laut,#003366
warna yang menyegarkan mata,hijau muda,#00FF00
aku suka warna yang ceria,merah jambu,#FF69B4
pilih warna yang terlihat berani,biru royal,#4169E1
warna yang memberikan kesan alami,hijau daun muda,#7FFF00
aku pengen warna yang menyenangkan,kuning kunyit,#FFD700
cari warna yang terlihat elegan,merah anggur,#800020
warna yang memberikan kesan mewah,emerald,#50C878
pilih warna yang terlihat modern,biru navy,#000080
warna yang mencerminkan ketenangan,biru pastel,#AEC6CF
aku suka warna yang segar,hijau zamrud,#00A86B
cari warna yang cerah,kuning lemon,#FFF700
warna yang memberikan kesan energik,merah darah,#8B0000
pilih warna yang terlihat elegan,lavender,#E6E6FA
warna yang cocok untuk ruang santai,ungu lavender,#E6E6FA
aku pengen warna yang terang,kuning matahari,#FFDB58
cari warna yang terlihat berani,merah menyala,#FF4500
warna yang mencerminkan kreativitas,jingga,#FF7F00
pilih warna yang terlihat berkelas,biru langit,#87CEEB
warna yang memberikan kesan lembut,mawar,#FF007F
aku suka warna yang elegan,silver,#C0C0C0
cari warna yang terlihat mewah,ungu tua,#800080
warna yang menyegarkan mata,hijau muda,#00FF00
aku pengen warna yang cerah,kuning terang,#FFFF00
pilih warna yang terlihat modern,biru langit,#87CEEB
warna yang memberikan kesan mewah,emas,#FFD700
cari warna yang mencerminkan keceriaan,merah jambu,#FFC0CB
warna yang memberikan kesan alami,hijau daun,#008000
aku suka warna yang berani,merah cerah,#FF0000
pilih warna yang mencerminkan kehangatan,oranye,#FFA500
warna yang memberikan kesan elegan,hitam,#000000
cari warna yang terlihat mewah,ungu muda,#BA55D3
warna yang mencerminkan kecerahan,kuning cerah,#FFFFE0
warna yang memberikan kesan retro,merah maroon,#800000
aku ingin warna yang minimalis,putih,#FFFFFF
pilih warna yang terlihat natural,cokelat,#964B00
warna yang mencerminkan kegembiraan,kuning ceria,#FFD700
warna yang memberikan kesan romantis,merah muda,#FFC0CB
cari warna yang terlihat energik,oranye terang,#FFA500
warna yang cocok untuk ruang kerja,abu-abu metalik,#545454
aku pengen warna yang segar,hijau terang,#00FF00
pilih warna yang mencerminkan kebahagiaan,kuning cerah,#FFFF00
warna yang memberikan kesan alami,hijau daun,#008000
cari warna yang terlihat elegan,ungu tua,#800080
warna yang menyegarkan mata,hijau muda,#00FF00
aku suka warna-warna yang cerah,kuning terang,#FFFF00
cari warna yang terlihat elegan,ungu tua,#800080
warna yang memberikan kesan alami,hijau daun,#008000
aku pengen warna yang segar,mint,#00FFC8
pilih warna yang cocok untuk kamar tidur,biru laut,#003366
warna yang menyegarkan mata,hijau muda,#00FF00
aku suka warna yang ceria,merah jambu,#FF69B4
pilih warna yang terlihat berani,biru royal,#4169E1
warna yang memberikan kesan alami,hijau daun muda,#7FFF00
aku pengen warna yang menyenangkan,kuning kunyit,#FFD700
cari warna yang terlihat elegan,ungu tua,#800080
warna yang menyegarkan mata,hijau muda,#00FF00
aku suka warna-warna yang cerah,kuning terang,#FFFF00
cari warna yang terlihat elegan,ungu tua,#800080
warna yang memberikan kesan alami,hijau daun,#008000
aku pengen warna yang segar,mint,#00FFC8
pilih warna yang cocok untuk kamar tidur,biru laut,#003366
warna yang menyegarkan mata,hijau muda,#00FF00
aku suka warna-warna yang cerah,kuning terang,#FFFF00
cari warna yang terlihat elegan,ungu tua,#800080
warna yang memberikan kesan alami,hijau daun,#008000
aku pengen warna yang segar,mint,#00FFC8
pilih warna yang cocok untuk kamar tidur,biru laut,#003366
warna yang menyegarkan mata,hijau muda,#00FF00
aku suka warna-warna yang cerah,kuning terang,#FFFF00
cari warna yang terlihat elegan,ungu tua,#800080
